wavelength,intensity
0,0.0
1,2.8777246523452765e-06
2,0.0
3,6.708784267625157e-07
4,0.0
5,6.454991331864635e-07
6,0.0
7,0.0
8,9.233246306633096e-07
9,0.0
10,1.9567430698134186e-06
11,9.033936199142955e-07
12,0.0
13,1.4109116197384707e-06
14,1.92349231949741e-06
15,0.0
16,0.0
17,0.0
18,1.6069707980605952e-06
19,0.0
20,5.372086845046517e-07
21,1.7982139954454763e-06
22,0.0
23,0.0
24,3.0041025142326717e-07
25,0.0
26,0.0
27,3.069468150752958e-08
28,0.0
29,0.0
30,0.0
31,0.0
32,0.0
33,0.0
34,0.0
35,0.0
36,0.0
37,3.1294268633880635e-07
38,1.2827612564941905e-06
39,0.0
40,0.0
41,0.0
42,0.0
43,1.5870570511657694e-06
44,2.6881964055053372e-06
45,0.0
46,1.3175351597841556e-06
47,0.0
48,2.697238938268806e-06
49,1.8280935251109777e-06
50,1.5932025279274331e-06
51,1.350795246362528e-06
52,0.0
53,0.0
54,0.0
55,3.605537151251577e-06
56,1.2156475012910703e-06
57,0.0
58,0.0
59,0.0
60,0.0
61,1.7671449601666514e-07
62,5.844176864618252e-07
63,6.952872363251802e-07
64,1.9333592403483626e-06
65,2.275796730138378e-06
66,0.0
67,8.474146678935059e-07
68,3.2058561858683073e-06
69,2.129171502299389e-06
70,1.6048699394262107e-06
71,1.8438997642035332e-06
72,0.0
73,5.102380547778301e-06
74,0.0
75,0.0
76,0.0
77,4.790638367045213e-07
78,0.0
79,0.0
80,1.8128706970800064e-06
81,0.0
82,0.0
83,1.1601186157190569e-06
84,0.0
85,0.0
86,0.0
87,0.0
88,2.4685909408956926e-06
89,0.0
90,0.0
91,0.0
92,0.0
93,1.6256793796447212e-07
94,0.0
95,0.0
96,0.0
97,0.0
98,0.0
99,0.0
100,0.0
101,0.0
102,8.104121529967929e-07
103,1.6138723218313884e-06
104,3.85471006502785e-07
105,2.2975460683321435e-06
106,0.0
107,3.3938892421586746e-06
108,2.5031424999050813e-06
109,5.750971367421109e-07
110,0.0
111,0.0
112,2.0447422393512647e-06
113,0.0
114,0.0
115,0.0
116,0.0
117,0.0
118,0.0
119,0.0
120,4.449020543931311e-06
121,0.0
122,1.9343597838876227e-06
123,0.0
124,2.0041974820973553e-07
125,0.0
126,1.0632257590821629e-07
127,0.0
128,4.390802269196724e-06
129,0.0
130,0.0
131,0.0
132,2.243918444464933e-06
133,0.0
134,0.0
135,2.1758128989677893e-06
136,0.0
137,0.0
138,4.092229651765012e-06
139,3.4297777980085145e-07
140,5.479699006358439e-07
141,3.939061396726553e-06
142,2.0662971395440526e-06
143,0.0
144,0.0
145,0.0
146,0.0
147,1.5340112892884844e-06
148,1.3425769474136754e-06
149,0.0
150,2.414943901543282e-06
151,0.0
152,0.0
153,0.0
154,0.0
155,1.748989382803794e-06
156,0.0
157,0.0
158,2.3659337882500337e-07
159,0.0
160,9.085150711821639e-07
161,2.6735253289743592e-06
162,0.0
163,0.0
164,1.5130758394542533e-06
165,2.663048265839672e-06
166,0.0
167,0.0
168,0.0
169,0.0
170,7.696403092480593e-07
171,2.9120378140044914e-06
172,0.0
173,0.0
174,0.0
175,2.692389914680938e-06
176,1.5782416528881673e-07
177,0.0
178,6.979252311699334e-07
179,1.7869495577213842e-06
180,0.0
181,1.6323657246488647e-06
182,1.8669042497665215e-06
183,0.0
184,1.2612911229563661e-07
185,4.148010942425055e-07
186,0.0
187,0.0
188,1.8616714156194139e-06
189,0.0
190,1.1255641535067804e-06
191,4.817017665956944e-07
192,1.4451156135410158e-06
193,0.0
194,2.479789861679475e-06
195,0.0
196,5.5779654048413545e-06
197,0.0
198,0.0
199,0.0
200,2.5214610416316273e-07
201,0.0
202,0.0
203,0.0
204,0.0
205,0.0
206,2.448946773009058e-07
207,2.7791514709574703e-06
208,0.0
209,0.0
210,0.0
211,2.2822093663199424e-06
212,0.0
213,0.0
214,0.0
215,0.0
216,2.77798513417906e-06
217,0.0
218,4.033496336301088e-06
219,0.0
220,4.340554527088002e-08
221,0.0
222,4.534484256834015e-07
223,0.0
224,3.455811545058543e-06
225,4.5139194825493753e-07
226,0.0
227,0.0
228,0.0
229,0.0
230,4.6441009190274834e-06
231,6.634807901814798e-07
232,0.0
233,8.857461285326005e-07
234,0.0
235,5.150064658982047e-07
236,0.0
237,0.0
238,1.7307552851535585e-06
239,0.0
240,0.0
241,2.418787788344589e-06
242,9.149718451018047e-07
243,0.0
244,1.1390413198055166e-06
245,0.0
246,0.0
247,0.0
248,2.8330489461215964e-06
249,6.226656175670205e-07
250,1.931983238456571e-06
251,0.0
252,0.0
253,2.5049140445926025e-06
254,0.0
255,3.4958011154600418e-06
256,5.23707424511159e-07
257,9.893784693045935e-08
258,2.224701069142278e-06
259,0.0
260,3.7045728600802147e-09
261,0.0
262,9.437221647003863e-07
263,0.0
264,0.0
265,3.0274136855475886e-06
266,0.0
267,0.0
268,1.731970279357702e-06
269,0.0
270,2.4672502310039815e-06
271,2.031426216026406e-06
272,7.973247559167167e-07
273,0.0
274,3.520943487991772e-07
275,0.0
276,8.836657755368605e-07
277,3.288856021354334e-06
278,9.698264957695867e-07
279,0.0
280,3.38137172439965e-06
281,1.3497889735107635e-06
282,0.0
283,3.474940992112595e-06
284,0.0
285,0.0
286,2.389343830454848e-06
287,0.0
288,0.0
289,0.0
290,0.0
291,1.2139490380227286e-06
292,2.971809836688823e-06
293,0.0
294,3.3100969169236823e-06
295,2.5112664324569457e-06
296,0.0
297,7.311368987121591e-07
298,1.384202296230244e-06
299,1.7770716384591873e-06
300,5.6907823948615054e-06
301,3.5815078886010797e-06
302,3.362556355153664e-06
303,0.0
304,1.0754455711362278e-06
305,0.0
306,0.0
307,4.6341941482098964e-06
308,0.0
309,0.0
310,2.2091870868269772e-06
311,0.0
312,0.0
313,3.0510591427202822e-06
314,0.0
315,2.891198832682352e-06
316,1.1013052019678712e-06
317,2.1899038796036022e-06
318,1.6013446658510555e-06
319,2.891525641792638e-07
320,0.0
321,0.0
322,1.205795519055051e-06
323,0.0
324,8.989554839487859e-07
325,0.0
326,0.0
327,1.8826597019593936e-06
328,0.0
329,0.0
330,1.8732170344164593e-06
331,0.0
332,2.1881323849233783e-07
333,0.0
334,2.043573172487563e-06
335,5.262088477482604e-07
336,0.0
337,0.0
338,0.0
339,0.0
340,3.496568691446512e-08
341,0.0
342,1.427780570763292e-06
343,1.7285526015717923e-06
344,0.0
345,0.0
346,0.0
347,7.532280704179322e-07
348,0.0
349,2.8554879350347393e-06
350,0.0
351,3.294027873241879e-07
352,1.1748339471950827e-06
353,3.8847854818830216e-09
354,3.375448651794482e-07
355,0.0
356,4.0389854474497305e-06
357,0.0
358,0.0
359,0.0
360,0.0
361,0.0
362,0.0
363,7.964673806698107e-07
364,0.0
365,0.0
366,1.3625379475857188e-06
367,2.7137489638083276e-06
368,3.316607318186609e-06
369,8.396235001141403e-09
370,0.0
371,3.148424339004681e-08
372,1.1880472322327366e-06
373,0.0
374,1.6989912298740279e-06
375,0.0
376,0.0
377,0.0
378,5.97381631853953e-07
379,3.110831641699226e-07
380,1.05400506791557e-06
381,1.131547209825834e-06
382,1.2212167402711e-06
383,2.566023538638729e-06
384,0.0
385,0.0
386,0.0
387,3.772037138393873e-06
388,0.0
389,0.0
390,1.967255822228414e-06
391,2.0552606973715206e-06
392,0.0
393,4.7774472702239534e-08
394,0.0
395,0.0
396,1.3658486211965462e-06
397,0.0
398,0.0
399,2.661052359914484e-06
400,0.0
401,0.0
402,1.153589211319991e-06
403,0.0
404,1.2187285311573725e-06
405,0.0
406,0.0
407,0.0
408,0.0
409,0.0
410,0.0
411,2.2227144560901374e-07
412,0.0
413,0.0
414,0.0
415,0.0
416,3.4628843264093393e-06
417,0.0
418,0.0
419,0.0
420,1.9872927724200352e-06
421,4.991971733503556e-07
422,3.956748752546593e-06
423,2.99575515938557e-06
424,0.0
425,0.0
426,0.0
427,3.866374484234921e-06
428,0.0
429,0.0
430,0.0
431,2.0216873197914243e-06
432,0.0
433,1.0631490299579313e-06
434,7.021516248026577e-07
435,1.2372834853157895e-06
436,1.8561756994268656e-06
437,0.0
438,0.0
439,3.854998269657536e-06
440,1.697852539207897e-06
441,1.21723296801997e-07
442,2.770571603197869e-06
443,1.0286690598794947e-06
444,0.0
445,1.2306500465242865e-06
446,0.0
447,0.0
448,0.0
449,5.713236854140761e-07
450,0.0
451,1.4809202846667907e-06
452,1.812723539004091e-06
453,1.927215383044727e-06
454,0.0
455,5.2872789434405636e-06
456,2.161371613529947e-06
457,4.917070280404904e-07
458,2.2388427936823966e-06
459,1.1013052924096197e-06
460,1.1298975871503636e-06
461,8.451658630827044e-07
462,0.0
463,0.0
464,4.1079473761116865e-07
465,6.729150722928559e-07
466,3.7214750791674626e-07
467,0.0
468,1.474433168831664e-08
469,0.0
470,0.0
471,0.0
472,1.2291813854800313e-06
473,1.6173653762742237e-06
474,0.0
475,0.0
476,0.0
477,7.507023112607998e-07
478,0.0
479,0.0
480,7.662532993441071e-08
481,1.8192078076095956e-06
482,0.0
483,0.0
484,1.0312998988587485e-06
485,5.31328038139181e-07
486,0.0
487,0.0
488,0.0
489,0.0
490,0.0
491,4.164728381958889e-06
492,0.0
493,3.979404511411824e-06
494,0.0
495,0.0
496,0.0
497,0.0
498,0.0
499,1.1747873437270834e-06
500,0.0
501,5.115967752635482e-06
502,2.3515326045910083e-06
503,0.0
504,3.6077702412129605e-07
505,0.0
506,0.0
507,1.0441704389349376e-07
508,9.115761954183527e-07
509,5.320750108930598e-07
510,0.0
511,0.0
512,0.0
513,0.0
514,1.2004176526901125e-06
515,0.0
516,3.7580893258576236e-06
517,0.0
518,0.0
519,0.0
520,2.509381786987426e-06
521,0.0
522,0.0
523,0.0
524,0.0
525,0.0
526,0.0
527,1.6446783163890941e-06
528,2.0325915769989646e-06
529,2.0477459671853167e-06
530,3.307458724335262e-06
531,9.483157941341246e-07
532,0.0
533,9.77610039404943e-07
534,0.0
535,2.8033040006357715e-06
536,3.1194398496443314e-06
537,8.740804976970959e-09
538,1.902212249434377e-06
539,0.0
540,0.0
541,2.486535032105408e-06
542,0.0
543,1.0087927268536198e-06
544,0.0
545,6.952522139003654e-07
546,0.0
547,3.621532635224067e-07
548,2.224297372284787e-06
549,0.0
550,4.60803108789877e-06
551,0.0
552,1.1478730813945006e-07
553,0.0
554,1.3426692221908895e-06
555,2.5771386761398735e-06
556,0.0
557,2.9435056259104772e-06
558,4.252094758437471e-07
559,2.0470148553720324e-06
560,0.0
561,0.0
562,0.0
563,1.2394424687431588e-06
564,0.0
565,1.3924872240333417e-07
566,4.130718422725494e-06
567,1.684811549794842e-06
568,1.05038308176053e-06
569,2.346037133084649e-06
570,9.573535572272447e-07
571,6.170899525781415e-07
572,0.0
573,2.890747306910621e-07
574,0.0
575,3.913763436875516e-07
576,5.554111210858103e-07
577,3.2625505774889054e-06
578,0.0
579,0.0
580,0.0
581,0.0
582,2.6612445631924095e-06
583,1.0765603323552281e-06
584,2.0522765566207493e-06
585,0.0
586,4.941582721549771e-06
587,2.889473315789085e-06
588,0.0
589,4.0594707869332425e-07
590,5.609408095186444e-06
591,0.0
592,1.9570006183751425e-07
593,0.0
594,2.4115324539751094e-06
595,4.6830790848127483e-07
596,0.0
597,0.0
598,1.5643170533076071e-06
599,0.0
600,2.375457675690746e-06
601,0.0
602,0.0
603,2.7875439637230427e-07
604,0.0
605,0.0
606,1.3609731413750196e-07
607,1.4953713930992788e-06
608,5.2236363829617656e-06
609,1.733505532643651e-07
610,0.0
611,0.0
612,2.0825453854125187e-09
613,0.0
614,4.856476655019288e-07
615,1.0419520073565344e-06
616,0.0
617,3.0795958125262855e-06
618,1.0278031443164025e-06
619,0.0
620,1.054423595306196e-06
621,0.0
622,4.091104717866602e-06
623,1.4961443251709722e-06
624,3.254532363681144e-06
625,2.5612572346239385e-06
626,4.72663248751151e-06
627,2.2336014399477345e-06
628,0.0
629,0.0
630,1.7535742577686133e-06
631,0.0
632,0.0
633,2.401069456781636e-07
634,1.089599844040527e-06
635,1.6964037235385262e-06
636,5.903875205521482e-07
637,0.0
638,2.8729281347195166e-06
639,0.0
640,0.0
641,0.0
642,0.0
643,0.0
644,1.9554237715276633e-06
645,0.0
646,1.6561415914769298e-06
647,4.673815768695774e-06
648,0.0
649,0.0
650,0.0
651,2.7790998709577143e-06
652,4.78961625126306e-07
653,0.0
654,2.6788317572671885e-06
655,1.8823601664159689e-06
656,1.2292500598968694e-06
657,1.83871061532934e-07
658,0.0
659,3.0382552515543897e-07
660,3.0609709579847413e-09
661,0.0
662,0.0
663,5.757171194863096e-07
664,1.1673398125123847e-06
665,2.414476649665705e-06
666,0.0
667,0.0
668,0.0
669,6.840566358406022e-07
670,1.4248718049930848e-06
671,1.0963060309526671e-06
672,3.189393975055925e-08
673,0.0
674,0.0
675,3.5973510371503088e-06
676,0.0
677,0.0
678,0.0
679,0.0
680,0.0
681,4.818099138740444e-06
682,0.0
683,1.7211741257484732e-06
684,0.0
685,0.0
686,0.0
687,1.916320379867275e-06
688,1.3844449087940293e-06
689,8.340193678379401e-07
690,0.0
691,0.0
692,1.4725381609404825e-06
693,0.0
694,2.7669458499064e-06
695,0.0
696,6.301980753330185e-07
697,4.831833237884905e-07
698,3.0438409089268253e-06
699,0.0
700,0.0
701,0.0
702,0.0
703,3.4651600809934052e-06
704,0.0
705,0.0
706,5.672613896624679e-07
707,1.1916817029306803e-06
708,2.8059052001033727e-06
709,3.550276259699822e-06
710,0.0
711,0.0
712,5.590471468527614e-07
713,0.0
714,0.0
715,0.0
716,0.0
717,3.171283419622617e-06
718,9.094681497123687e-06
719,8.45495030987776e-06
720,1.1070875511405191e-05
721,1.1707228721427304e-05
722,1.7238390360498117e-05
723,1.7017142649662376e-05
724,2.046213402635781e-05
725,1.8374237492614832e-05
726,2.6094788033550128e-05
727,4.09607177621952e-05
728,5.414473384870858e-05
729,6.228618935683953e-05
730,6.29875303967522e-05
731,5.193738257950812e-05
732,2.871011576456129e-05
733,1.807622371678103e-05
734,1.0870509293019335e-05
735,3.9918983632264246e-06
736,2.9357388595018034e-07
737,3.8683513358505817e-07
738,2.014391565740264e-06
739,3.280936605152751e-06
740,3.2851489498436072e-06
741,9.769076583769571e-07
742,0.0
743,4.855027940330025e-06
744,4.454725151006884e-06
745,1.1627770930869216e-05
746,1.1763049443449918e-05
747,8.4030993923388e-06
748,1.478003379240234e-05
749,2.114699406580655e-05
750,3.0699481810665196e-05
751,4.44894437974801e-05
752,4.562643709939279e-05
753,5.9818828797313564e-05
754,8.929397420635738e-05
755,0.0001188433904323309
756,0.00014593948072567323
757,0.0001493245501034898
758,0.0001292360260986753
759,9.441054956488073e-05
760,6.447948358822695e-05
761,4.6681450657881735e-05
762,3.404501734032983e-05
763,2.7083656512188835e-05
764,2.5367773887239508e-05
765,3.287342208723613e-05
766,3.8686720117036634e-05
767,4.8277667050787747e-05
768,5.230698339156923e-05
769,6.653147569346204e-05
770,8.68464378450075e-05
771,0.00011302648564782916
772,0.00012052444177030222
773,0.00011144311360506124
774,8.156375848952429e-05
775,5.546007316963963e-05
776,4.6392758394843635e-05
777,2.878494720642424e-05
778,1.8043978002526413e-05
779,1.4370018369861933e-05
780,7.176403054808299e-06
781,4.6563412260005455e-06
782,6.070047120053963e-06
783,2.035105051637793e-06
784,0.0
785,1.2608152240110947e-06
786,2.0477968080280694e-06
787,1.8298350437375054e-06
788,3.842456291111363e-06
789,1.4168146000597554e-06
790,0.0
791,3.0751394054692444e-07
792,1.9222439073491433e-06
793,1.0665872712559104e-06
794,5.998141743220523e-07
795,4.451878096737849e-06
796,3.507857022346119e-06
797,4.441210377116117e-06
798,4.144612681929527e-06
799,7.99535113774356e-06
800,9.913130649037361e-06
801,1.277583230067331e-05
802,2.5218907798383802e-05
803,3.307609062226688e-05
804,3.245570019373005e-05
805,3.481963751161628e-05
806,3.661393821548213e-05
807,3.744457607694287e-05
808,4.304557015671463e-05
809,4.3534635573457444e-05
810,4.3738485166090625e-05
811,4.6793476762920176e-05
812,3.515697503053952e-05
813,2.7773935770961122e-05
814,2.4705510802525205e-05
815,2.211860468876039e-05
816,1.9496068202098724e-05
817,2.34817874581468e-05
818,2.301629396225528e-05
819,1.8649959090153102e-05
820,1.893416447643739e-05
821,1.741677554529317e-05
822,1.6298982375743668e-05
823,1.6131228327578638e-05
824,1.5737875394904214e-05
825,1.1304066420576793e-05
826,4.52009064089088e-06
827,3.678837409558977e-06
828,1.2180340993596607e-06
829,6.7898650791143825e-06
830,0.0
831,3.271219692996321e-06
832,0.0
833,3.5430747599248503e-06
834,6.200266141851906e-06
835,0.0
836,4.304832138416872e-06
837,1.4557837055511076e-05
838,1.9794027277586294e-05
839,2.9929703946298958e-05
840,4.694814868552262e-05
841,7.112979291735416e-05
842,6.981043519741517e-05
843,6.99965161188281e-05
844,7.491217549215247e-05
845,8.62719799165687e-05
846,0.00010926898279237
847,0.00010904169590140577
848,8.191397834581957e-05
849,5.410551665227076e-05
850,3.4220396010645663e-05
851,1.6351701812844676e-05
852,1.2704322477256374e-05
853,8.328542615339736e-06
854,3.816896921383851e-06
855,4.5465459086497267e-07
856,8.260663440753954e-06
857,7.20461227439431e-07
858,1.3438997671870264e-06
859,3.2371001899289064e-06
860,4.849404933899442e-07
861,1.9702497618493582e-06
862,1.741095075867175e-06
863,6.044283717371147e-06
864,8.47467967808893e-06
865,9.499414665833388e-06
866,5.385512873429876e-06
867,5.7814571010970325e-06
868,5.766000459483258e-06
869,3.777469414070835e-06
870,3.7346251210523244e-06
871,4.361953163441281e-08
872,4.512092407511816e-06
873,7.496287835168738e-07
874,9.187219433630126e-06
875,4.4044148900460135e-06
876,2.323927447897385e-06
877,1.615518190418268e-06
878,0.0
879,8.611622981360836e-07
880,1.6132562952842785e-06
881,2.35814605909313e-06
882,0.0
883,0.0
884,0.0
885,4.81719555634782e-06
886,1.3288402500208768e-06
887,2.4519740100114095e-06
888,7.736733483588826e-06
889,6.428514558016132e-06
890,8.79484527361858e-06
891,6.0458200482971685e-06
892,3.970065937058875e-06
893,1.027674259129717e-05
894,5.786791704581753e-06
895,9.632322293981447e-06
896,8.134397603012611e-06
897,5.734152203176845e-06
898,6.688442711513049e-06
899,0.0
900,2.555434689082396e-06
901,0.0
902,7.614392753616651e-07
903,3.0272812544141903e-07
904,3.562518327235797e-06
905,2.7330091694732988e-06
906,5.067125193833907e-06
907,2.177347594609148e-06
908,3.1955660590836587e-06
909,3.4987617974851526e-06
910,7.6265403309708515e-06
911,9.004727078442465e-06
912,1.1663487790779074e-05
913,2.4589088604769082e-05
914,2.5787966385030557e-05
915,2.8059785412030945e-05
916,2.6884222744104545e-05
917,2.8103483306007044e-05
918,2.4752802812477835e-05
919,2.5049572905845635e-05
920,1.3673761346274102e-05
921,1.1006201585291367e-05
922,3.698436639441715e-06
923,4.811462149979239e-06
924,0.0
925,1.2145544355149157e-06
926,1.3741186523099785e-06
927,0.0
928,1.6793857219930303e-07
929,1.085404776241912e-05
930,1.610481378299865e-05
931,2.4696513016506763e-05
932,4.655410223424893e-05
933,6.436080357183757e-05
934,0.00010014272458869778
935,0.00013240938080150873
936,0.00016432263331184045
937,0.0001738413768083458
938,0.00016917140942628045
939,0.000164896512762206
940,0.0001489153331837905
941,0.00014144535244017288
942,0.00013235169345658014
943,0.00010809888230461372
944,8.745217707563968e-05
945,6.267098484141909e-05
946,4.665829917879964e-05
947,3.272702044686357e-05
948,3.035628644377448e-05
949,2.2018278335610343e-05
950,1.2733848970962661e-05
951,1.24029219316056e-05
952,6.700281229366699e-06
953,4.927919960335637e-06
954,2.426675309925438e-06
955,1.4452087996650812e-06
956,4.447069902822632e-07
957,0.0
958,4.386496221800266e-06
959,7.645712175833494e-07
960,2.8224809500882077e-06
961,7.392468241221226e-08
962,1.8441052664052598e-06
963,0.0
964,5.405170757156216e-06
965,3.376465698462097e-06
966,1.3301008336567706e-06
967,7.093534947290061e-06
968,0.0
969,8.627312667594387e-06
970,2.5184871043237427e-06
971,1.9880328156432415e-06
972,6.4891486606394685e-06
973,1.6544619305098916e-06
974,7.498385016510119e-06
975,3.227405580386262e-06
976,0.0
977,4.227978330948061e-06
978,2.043961210050587e-06
979,3.735766850403762e-06
980,2.9357724697491853e-06
981,0.0
982,0.0
983,1.8722487286430297e-06
984,6.92436009479542e-07
985,6.293282425003527e-06
986,1.1540228808711737e-06
987,2.044187034001771e-06
988,2.165319140238761e-06
989,2.0859286260514082e-06
990,2.193949408111881e-06
991,0.0
992,5.649725762344793e-07
993,3.4805721986901763e-06
994,0.0
995,3.1309337085747714e-06
996,2.195584156595969e-06
997,2.064480756348434e-06
998,3.672099176306246e-06
999,0.0
1000,2.1031942922324526e-06
1001,3.5632894323711024e-07
1002,5.723706589961635e-06
1003,0.0
1004,2.4074531346608334e-06
1005,2.2602800824802276e-06
1006,0.0
1007,0.0
1008,1.668721428327313e-06
1009,0.0
1010,0.0
1011,0.0
1012,0.0
1013,9.270904833506978e-07
1014,0.0
1015,2.7178146599623837e-07
1016,1.5519665786862155e-06
1017,0.0
1018,5.332083428118992e-06
1019,0.0
1020,0.0
1021,0.0
1022,0.0
1023,0.0
1024,1.2180332663984174e-06
1025,0.0
1026,0.0
1027,0.0
1028,0.0
1029,9.104564963372464e-07
1030,0.0
1031,2.384422427786122e-07
1032,8.041173587837602e-07
1033,0.0
1034,3.013123976068262e-06
1035,2.8090203941352934e-06
1036,0.0
1037,5.058809135367881e-07
1038,5.36784595173819e-07
1039,0.0
1040,0.0
1041,0.0
1042,4.5651311219974e-06
1043,0.0
1044,4.466565760353203e-06
1045,8.35276279520493e-07
1046,0.0
1047,0.0
1048,7.530708522370226e-07
1049,2.7303473950348765e-07
1050,3.337456387101086e-06
1051,1.2570584708864326e-06
1052,0.0
1053,0.0
1054,6.219197421993257e-07
1055,0.0
1056,2.2429831881059362e-06
1057,0.0
1058,0.0
1059,0.0
1060,1.5527951748020672e-06
1061,0.0
1062,0.0
1063,1.6817536492180142e-06
1064,0.0
1065,1.3228217739277986e-06
1066,7.519106682782409e-07
1067,2.544544847383241e-06
1068,0.0
1069,2.9946819237314676e-06
1070,5.27709256653269e-06
1071,0.0
1072,0.0
1073,0.0
1074,2.3505357840412173e-07
1075,0.0
1076,0.0
1077,0.0
1078,1.6929016604168586e-06
1079,7.63093191169589e-07
1080,0.0
1081,0.0
1082,3.3805903583758876e-06
1083,0.0
1084,2.2299241309917596e-06
1085,0.0
1086,3.918100836918395e-06
1087,2.051498165745917e-06
1088,0.0
1089,0.0
1090,0.0
1091,0.0
1092,1.856160980287957e-06
1093,0.0
1094,0.0
1095,0.0
1096,0.0
1097,1.1864134978175047e-06
1098,0.0
1099,3.861030095526473e-06
1100,4.996302439454723e-07
1101,0.0
1102,1.9560656535045915e-06
1103,4.815862909790968e-06
1104,6.129697209030599e-07
1105,0.0
1106,0.0
1107,0.0
1108,3.4457457617946713e-06
1109,9.237927808210768e-07
1110,0.0
1111,2.521036677052727e-06
1112,1.2747654245638349e-06
1113,7.705435370167985e-07
1114,1.1981784586144938e-06
1115,1.5638789169036505e-06
1116,7.220171105457551e-07
1117,1.6385008396977343e-06
1118,0.0
1119,0.0
1120,2.8155904654625073e-06
1121,0.0
1122,0.0
1123,1.3893045953373924e-07
1124,1.7609424558635642e-07
1125,3.597802583995451e-07
1126,1.989683204927212e-06
1127,0.0
1128,2.0763534766798652e-07
1129,0.0
1130,0.0
1131,9.919367916103337e-08
1132,0.0
1133,0.0
1134,3.0482015620441646e-06
1135,0.0
1136,2.489235565817213e-07
1137,0.0
1138,1.415485203389528e-07
1139,2.2767768937424848e-07
1140,0.0
1141,0.0
1142,4.955351941916898e-07
1143,0.0
1144,1.0387250978323282e-06
1145,0.0
1146,5.7760850267194e-07
1147,1.2660613091998978e-06
1148,2.2762929179560778e-08
1149,0.0
1150,0.0
1151,0.0
1152,2.5464694330333973e-06
1153,3.8829237316990647e-07
1154,0.0
1155,0.0
1156,6.796856135979244e-07
1157,1.8088237232672473e-06
1158,0.0
1159,2.1333512376315573e-06
1160,0.0
1161,2.528624396434553e-06
1162,0.0
1163,3.2976221350083405e-07
1164,0.0
1165,0.0
1166,5.027930298275499e-06
1167,1.3996517101311712e-06
1168,2.3016978016504975e-06
1169,0.0
1170,0.0
1171,0.0
1172,0.0
1173,2.9537729701512076e-06
1174,0.0
1175,4.950396644174538e-06
1176,2.1193127283561784e-06
1177,0.0
1178,0.0
1179,2.4796968810339124e-06
1180,0.0
1181,0.0
1182,0.0
1183,0.0
1184,0.0
1185,0.0
1186,0.0
1187,0.0
1188,1.3249108227199978e-06
1189,0.0
1190,0.0
1191,0.0
1192,4.216451669564693e-06
1193,9.17714317788155e-08
1194,1.4027777726360425e-06
1195,0.0
1196,3.0034155510332025e-06
1197,0.0
1198,0.0
1199,0.0
1200,1.4688980575084627e-06
1201,0.0
1202,0.0
1203,1.8533006937054257e-06
1204,0.0
1205,0.0
1206,2.063079129905437e-06
1207,0.0
1208,0.0
1209,5.1648377763717196e-08
1210,4.678696984965089e-06
1211,0.0
1212,0.0
1213,1.6901984117809832e-06
1214,0.0
1215,4.4234885663376384e-07
1216,0.0
1217,6.712432394984478e-08
1218,2.44892959427534e-06
1219,0.0
1220,0.0
1221,9.623930003054014e-07
1222,0.0
1223,2.7661673881899187e-08
1224,0.0
1225,3.192422714513461e-06
1226,2.6949075537301536e-07
1227,0.0
1228,2.300982004161073e-08
1229,2.3197326244376655e-06
1230,0.0
1231,4.457613412630524e-07
1232,0.0
1233,3.645963694753397e-06
1234,1.4442255369462226e-06
1235,1.1984641246061134e-06
1236,0.0
1237,0.0
1238,0.0
1239,0.0
1240,2.2972218570555092e-07
1241,8.137117237499513e-07
1242,1.0493551201119813e-06
1243,0.0
1244,0.0
1245,1.7327021987308718e-06
1246,2.176740070699155e-08
1247,3.047489457690624e-06
1248,0.0
1249,0.0
1250,0.0
1251,0.0
1252,0.0
1253,6.402136137235293e-07
1254,0.0
1255,0.0
1256,0.0
1257,0.0
1258,0.0
1259,3.221421495671265e-06
1260,0.0
1261,1.2861594944913603e-06
1262,0.0
1263,0.0
1264,0.0
1265,0.0
1266,0.0
1267,0.0
1268,0.0
1269,0.0
1270,1.821324102302313e-06
1271,1.1527344339809983e-06
1272,5.96314931855578e-07
1273,7.838745569149225e-07
1274,0.0
1275,2.288377195063303e-07
1276,0.0
1277,2.1462139535525052e-07
1278,0.0
1279,0.0
1280,0.0
1281,0.0
1282,0.0
1283,0.0
1284,0.0
1285,2.1925704514902873e-06
1286,0.0
1287,1.5231184973267175e-06
1288,0.0
1289,9.975473635689784e-07
1290,8.46212591848478e-07
1291,1.7482564982779397e-06
1292,6.5655866377096256e-06
1293,0.0
1294,2.0968952618448386e-06
1295,0.0
1296,9.826641246374081e-08
1297,1.8665716656164375e-07
1298,0.0
1299,3.390250226625064e-07
1300,4.111339532782725e-06
1301,1.6751511526574078e-06
1302,1.550320741784586e-07
1303,0.0
1304,0.0
1305,0.0
1306,0.0
1307,0.0
1308,0.0
1309,1.7763627761532627e-06
1310,0.0
1311,0.0
1312,2.3628023488934187e-06
1313,9.963086844176534e-07
1314,0.0
1315,0.0
1316,1.8056266423087666e-06
1317,0.0
1318,2.4995456964115655e-07
1319,3.016293270143202e-06
1320,9.50475174527086e-07
1321,0.0
1322,2.8207856434731016e-06
1323,3.642808450366878e-06
1324,0.0
1325,2.314773510346601e-06
1326,2.7874000328693932e-06
1327,0.0
1328,0.0
1329,4.0665247130584324e-07
1330,0.0
1331,1.8055738392226765e-06
1332,0.0
1333,0.0
1334,2.9439227322260343e-06
1335,6.38739176086845e-07
1336,0.0
1337,0.0
1338,0.0
1339,1.4240735072056632e-06
1340,2.4066048990960697e-06
1341,1.331033964781734e-07
1342,0.0
1343,1.0736070501309978e-06
1344,0.0
1345,0.0
1346,8.33173996708464e-07
1347,0.0
1348,4.078466088999047e-07
1349,2.0280555082309673e-06
1350,5.131537048094434e-06
1351,0.0
1352,8.02062782490552e-07
1353,1.57289926051453e-06
1354,0.0
1355,0.0
1356,3.215355609968546e-06
1357,1.7099890087040446e-06
1358,4.313323910208183e-06
1359,3.9610914980028546e-07
1360,0.0
1361,2.0119372179829813e-06
1362,0.0
1363,0.0
1364,2.3894629264118005e-06
1365,0.0
1366,0.0
1367,1.6497130812548968e-06
1368,0.0
1369,1.2113505715158032e-06
1370,2.4580667688397726e-06
1371,0.0
1372,0.0
1373,3.0567409720376706e-07
1374,0.0
1375,0.0
1376,4.435818707232511e-07
1377,0.0
1378,0.0
1379,6.394477030702721e-07
1380,0.0
1381,2.284260771054489e-06
1382,0.0
1383,3.7817637892829926e-06
1384,0.0
1385,0.0
1386,0.0
1387,3.838638313647966e-08
1388,0.0
1389,0.0
1390,0.0
1391,0.0
1392,6.919559811905539e-07
1393,4.420006898594668e-07
1394,0.0
1395,1.678607413373365e-06
1396,0.0
1397,1.5073310572334894e-06
1398,0.0
1399,4.093314767135151e-07
1400,0.0
1401,0.0
1402,0.0
1403,3.3671668541974554e-07
1404,3.259569642461418e-07
1405,4.7020359505076194e-06
1406,1.3166235156200466e-06
1407,0.0
1408,0.0
1409,0.0
1410,1.2313206917709306e-06
1411,2.871596931543644e-06
1412,0.0
1413,2.8826604472442544e-06
1414,2.0445311614293033e-06
1415,0.0
1416,9.941257192178758e-09
1417,3.6898293666460797e-06
1418,0.0
1419,7.389991014780226e-07
1420,1.4613300168362872e-06
1421,1.5782218048191032e-06
1422,0.0
1423,0.0
1424,5.0371594140618956e-08
1425,0.0
1426,0.0
1427,0.0
1428,0.0
1429,0.0
1430,0.0
1431,0.0
1432,0.0
1433,0.0
1434,3.794886700245338e-06
1435,3.2983574977366954e-06
1436,0.0
1437,1.1401446807276519e-06
1438,3.051888689656221e-07
1439,1.1260603387114389e-06
1440,0.0
1441,0.0
1442,0.0
1443,0.0
1444,0.0
1445,1.887298521117472e-06
1446,7.342415268884809e-07
1447,0.0
1448,2.136895246327956e-06
1449,0.0
1450,2.514757630956709e-06
1451,3.9963695279500305e-07
1452,1.1559515864641624e-06
1453,3.6201029525001446e-06
1454,0.0
1455,4.438602219399412e-06
1456,3.7890584096829843e-06
1457,0.0
1458,1.0479123811433888e-06
1459,5.10416328526814e-06
1460,3.4961190843248664e-06
1461,0.0
1462,0.0
1463,0.0
1464,0.0
1465,1.932566552026615e-06
1466,0.0
1467,0.0
1468,0.0
1469,1.6250236596149509e-06
1470,0.0
1471,3.405013345804594e-06
1472,0.0
1473,0.0
1474,1.1611678576349992e-06
1475,1.5529197085268845e-06
1476,4.256014252486363e-06
1477,1.1515126416900973e-06
1478,0.0
1479,3.5424625222823103e-06
1480,2.2619605765186294e-07
1481,0.0
1482,0.0
1483,0.0
1484,9.387385843213747e-08
1485,7.335988599770599e-07
1486,0.0
1487,0.0
1488,1.7984864969593099e-06
1489,2.5719768168274253e-06
1490,0.0
1491,0.0
1492,0.0
1493,0.0
1494,7.07962935605773e-07
1495,0.0
1496,2.5614778675835123e-06
1497,0.0
1498,2.0664484922768116e-06
1499,8.42360990847157e-07
1500,0.0
